"TICKET","TRANSACTION DATE","TRANSACTION TYPE","DETAILS","INSTRUMENT","PRICE","UNITS","DIRECTION","SPREAD COST","STOP LOSS","TAKE PROFIT","TRAILING STOP","FINANCING","COMMISSION","CONVERSION RATE","PL","AMOUNT","BALANCE"
"22566","2026-02-22 17:58:34 -12","LIMIT_ORDER","CLIENT_ORDER","GBP/USD","1.35150","2000.00","Buy","","1.34500","1.35800","","","","","","",""
"22567","2026-02-22 18:06:13 -12","ORDER_CANCEL","CLIENT_REQUEST","","","","","","","","","","","","","",""
"22568","2026-02-22 18:06:13 -12","MARKET_IF_TOUCHED_ORDER","CLIENT_ORDER","GBP/USD","1.35400","2000.00","Buy","","1.34800","1.36000","","","","","","",""
"22569","2026-02-22 18:58:53 -12","ORDER_CANCEL","CLIENT_REQUEST","","","","","","","","","","","","","",""
"22570","2026-02-22 18:58:53 -12","LIMIT_ORDER","CLIENT_ORDER","GBP/USD","1.35150","2000.00","Buy","","1.34900","1.35500","","","","","","",""
"22571","2026-02-22 19:59:10 -12","ORDER_CANCEL","CLIENT_REQUEST","","","","","","","","","","","","","",""
"22572","2026-02-22 19:59:11 -12","LIMIT_ORDER","CLIENT_ORDER","GBP/USD","1.35250","2000.00","Buy","","1.35000","1.35600","","","","","","",""
"22573","2026-02-22 20:01:24 -12","ORDER_FILL","LIMIT_ORDER","GBP/USD","1.35248","2000.00","Buy","0.2733","","","","0.00000","0.0000","","0.00000","","98146.31"
"22574","2026-02-22 20:01:24 -12","TAKE_PROFIT_ORDER","ON_FILL","","1.35600","","","","","","","","","","","",""
"22575","2026-02-22 20:01:24 -12","STOP_LOSS_ORDER","ON_FILL","","1.35000","","","","","","","","","","","",""
"22576","2026-02-22 20:04:53 -12","ORDER_CANCEL_REJECT","","","","","","","","","","","","","","",""
"22577","2026-02-22 22:59:46 -12","LIMIT_ORDER","CLIENT_ORDER","EUR/GBP","0.87300","2000.00","Buy","","0.86800","0.87800","","","","","","",""
"22578","2026-02-22 23:05:29 -12","ORDER_CANCEL","CLIENT_REQUEST","","","","","","","","","","","","","",""
"22579","2026-02-22 23:05:30 -12","MARKET_IF_TOUCHED_ORDER","CLIENT_ORDER","EUR/GBP","0.87400","2000.00","Buy","","0.87300","0.87600","","","","","","",""
"22580","2026-02-22 23:22:41 -12","ORDER_FILL","STOP_LOSS_ORDER","GBP/USD","1.35000","2000.00","Sell","0.2052","","","","0.00000","0.0000","1.3749","-6.81970","","98139.49"
"22581","2026-02-22 23:22:41 -12","ORDER_CANCEL","LINKED_TRADE_CLOSED","","","","","","","","","","","","","",""
"22582","2026-02-23 01:01:11 -12","LIMIT_ORDER","CLIENT_ORDER","EUR/GBP","0.87300","2000.00","Buy","","0.87150","0.87600","","","","","","",""
"22583","2026-02-23 01:35:16 -12","ORDER_CANCEL","CLIENT_REQUEST","","","","","","","","","","","","","",""
"22584","2026-02-23 01:35:23 -12","ORDER_CANCEL","CLIENT_REQUEST","","","","","","","","","","","","","",""
"22585","2026-02-23 01:35:29 -12","ORDER_CANCEL","CLIENT_REQUEST","","","","","","","","","","","","","",""
"22586","2026-02-23 01:35:34 -12","ORDER_CANCEL","CLIENT_REQUEST","","","","","","","","","","","","","",""
"22587","2026-02-23 07:00:22 -12","MARKET_IF_TOUCHED_ORDER","CLIENT_ORDER","EUR/USD","1.18050","2000.00","Buy","","1.17500","1.22000","","","","","","",""
"22588","2026-02-23 07:06:09 -12","ORDER_CANCEL","CLIENT_REQUEST","","","","","","","","","","","","","",""
"22589","2026-02-23 07:06:09 -12","LIMIT_ORDER","CLIENT_ORDER","EUR/USD","1.17500","2000.00","Buy","","1.17000","1.19200","","","","","","",""
"22590","2026-02-23 07:11:50 -12","ORDER_CANCEL","CLIENT_REQUEST","","","","","","","","","","","","","",""
"22591","2026-02-23 07:11:52 -12","LIMIT_ORDER","CLIENT_ORDER","EUR/USD","1.17500","2000.00","Buy","","1.17000","1.19200","","","","","","",""
"22592","2026-02-23 07:26:05 -12","LIMIT_ORDER","CLIENT_ORDER","EUR/USD","1.17500","2000.00","Buy","","1.17000","1.19200","","","","","","",""
"22593","2026-02-23 07:33:13 -12","LIMIT_ORDER","CLIENT_ORDER","EUR/USD","1.17500","2000.00","Buy","","1.17000","1.19200","","","","","","",""
"22594","2026-02-23 07:46:07 -12","LIMIT_ORDER","CLIENT_ORDER","EUR/USD","1.17500","2000.00","Buy","","1.17000","1.19200","","","","","","",""
"22595","2026-02-23 07:57:55 -12","LIMIT_ORDER","CLIENT_ORDER","EUR/USD","1.17500","2000.00","Buy","","1.17000","1.19200","","","","","","",""
"22596","2026-02-23 08:01:47 -12","ORDER_CANCEL","CLIENT_REQUEST","","","","","","","","","","","","","",""
"22597","2026-02-23 08:07:28 -12","LIMIT_ORDER","CLIENT_ORDER","EUR/USD","1.17800","1509.00","Buy","","1.16500","1.19100","","","","","","",""
"22598","2026-02-23 08:07:29 -12","LIMIT_ORDER","CLIENT_ORDER","GBP/USD","1.34880","2000.00","Buy","","1.34680","1.35280","","","","","","",""
"22599","2026-02-23 08:09:23 -12","ORDER_CANCEL","CLIENT_REQUEST","","","","","","","","","","","","","",""
"22600","2026-02-23 08:09:23 -12","LIMIT_ORDER","CLIENT_ORDER","EUR/USD","1.17800","1509.00","Buy","","1.16500","1.19100","","","","","","",""
"22601","2026-02-23 08:11:17 -12","ORDER_CANCEL","CLIENT_REQUEST","","","","","","","","","","","","","",""
"22602","2026-02-23 08:11:17 -12","LIMIT_ORDER","CLIENT_ORDER","EUR/USD","1.17800","1509.00","Buy","","1.16500","1.19100","","","","","","",""
"22603","2026-02-23 08:13:11 -12","ORDER_CANCEL","CLIENT_REQUEST","","","","","","","","","","","","","",""
"22604","2026-02-23 08:13:12 -12","LIMIT_ORDER","CLIENT_ORDER","EUR/USD","1.17800","1509.00","Buy","","1.16500","1.19100","","","","","","",""
"22605","2026-02-23 08:15:04 -12","ORDER_CANCEL","CLIENT_REQUEST","","","","","","","","","","","","","",""
"22606","2026-02-23 08:15:05 -12","LIMIT_ORDER","CLIENT_ORDER","EUR/USD","1.17800","1509.00","Buy","","1.16500","1.19100","","","","","","",""
"22607","2026-02-23 08:16:58 -12","ORDER_CANCEL","CLIENT_REQUEST","","","","","","","","","","","","","",""
"22608","2026-02-23 08:16:59 -12","LIMIT_ORDER","CLIENT_ORDER","EUR/USD","1.17800","1509.00","Buy","","1.16500","1.19100","","","","","","",""
"22609","2026-02-23 08:18:54 -12","ORDER_CANCEL","CLIENT_REQUEST","","","","","","","","","","","","","",""
"22610","2026-02-23 08:18:55 -12","LIMIT_ORDER","CLIENT_ORDER","EUR/USD","1.17800","1509.00","Buy","","1.16500","1.19100","","","","","","",""
"22611","2026-02-23 08:20:49 -12","ORDER_CANCEL","CLIENT_REQUEST","","","","","","","","","","","","","",""
"22612","2026-02-23 08:20:49 -12","LIMIT_ORDER","CLIENT_ORDER","EUR/USD","1.17800","1509.00","Buy","","1.16500","1.19100","","","","","","",""
"22613","2026-02-23 08:22:44 -12","ORDER_CANCEL","CLIENT_REQUEST","","","","","","","","","","","","","",""
"22614","2026-02-23 08:22:45 -12","LIMIT_ORDER","CLIENT_ORDER","EUR/USD","1.17800","1509.00","Buy","","1.16500","1.19100","","","","","","",""
"22615","2026-02-23 08:24:39 -12","ORDER_CANCEL","CLIENT_REQUEST","","","","","","","","","","","","","",""
"22616","2026-02-23 08:24:40 -12","LIMIT_ORDER","CLIENT_ORDER","EUR/USD","1.17800","1509.00","Buy","","1.16500","1.19100","","","","","","",""
"22617","2026-02-23 08:26:33 -12","ORDER_CANCEL","CLIENT_REQUEST","","","","","","","","","","","","","",""
"22618","2026-02-23 08:26:33 -12","LIMIT_ORDER","CLIENT_ORDER","EUR/USD","1.17800","1509.00","Buy","","1.16500","1.19100","","","","","","",""
"22619","2026-02-23 08:28:27 -12","ORDER_CANCEL","CLIENT_REQUEST","","","","","","","","","","","","","",""
"22620","2026-02-23 08:28:28 -12","LIMIT_ORDER","CLIENT_ORDER","EUR/USD","1.17800","1509.00","Buy","","1.16500","1.19100","","","","","","",""
"22621","2026-02-23 08:30:21 -12","ORDER_CANCEL","CLIENT_REQUEST","","","","","","","","","","","","","",""
"22622","2026-02-23 08:30:22 -12","LIMIT_ORDER","CLIENT_ORDER","EUR/USD","1.17800","1509.00","Buy","","1.16500","1.19100","","","","","","",""
"22623","2026-02-23 08:32:16 -12","ORDER_CANCEL","CLIENT_REQUEST","","","","","","","","","","","","","",""
"22624","2026-02-23 08:32:16 -12","LIMIT_ORDER","CLIENT_ORDER","EUR/USD","1.17800","1509.00","Buy","","1.16500","1.19100","","","","","","",""
"22625","2026-02-23 08:34:09 -12","ORDER_CANCEL","CLIENT_REQUEST","","","","","","","","","","","","","",""
"22626","2026-02-23 08:34:10 -12","LIMIT_ORDER","CLIENT_ORDER","EUR/USD","1.17800","1509.00","Buy","","1.16500","1.19100","","","","","","",""
"22627","2026-02-23 08:36:04 -12","ORDER_CANCEL","CLIENT_REQUEST","","","","","","","","","","","","","",""
"22628","2026-02-23 08:36:04 -12","LIMIT_ORDER","CLIENT_ORDER","EUR/USD","1.17800","1509.00","Buy","","1.16500","1.19100","","","","","","",""
"22629","2026-02-23 08:37:58 -12","ORDER_CANCEL","CLIENT_REQUEST","","","","","","","","","","","","","",""
"22630","2026-02-23 08:37:59 -12","LIMIT_ORDER","CLIENT_ORDER","EUR/USD","1.17800","1509.00","Buy","","1.16500","1.19100","","","","","","",""
"22631","2026-02-23 08:39:53 -12","ORDER_CANCEL","CLIENT_REQUEST","","","","","","","","","","","","","",""
"22632","2026-02-23 08:39:54 -12","LIMIT_ORDER","CLIENT_ORDER","EUR/USD","1.17800","1509.00","Buy","","1.16500","1.19100","","","","","","",""
"22633","2026-02-23 08:41:47 -12","ORDER_CANCEL","CLIENT_REQUEST","","","","","","","","","","","","","",""
"22634","2026-02-23 08:41:48 -12","LIMIT_ORDER","CLIENT_ORDER","EUR/USD","1.17800","1509.00","Buy","","1.16500","1.19100","","","","","","",""
"22635","2026-02-23 08:43:41 -12","ORDER_CANCEL","CLIENT_REQUEST","","","","","","","","","","","","","",""
"22636","2026-02-23 08:43:42 -12","LIMIT_ORDER","CLIENT_ORDER","EUR/USD","1.17800","1509.00","Buy","","1.16500","1.19100","","","","","","",""
"22637","2026-02-23 08:45:35 -12","ORDER_CANCEL","CLIENT_REQUEST","","","","","","","","","","","","","",""
"22638","2026-02-23 08:45:36 -12","LIMIT_ORDER","CLIENT_ORDER","EUR/USD","1.17800","1509.00","Buy","","1.16500","1.19100","","","","","","",""
"22639","2026-02-23 08:47:30 -12","ORDER_CANCEL","CLIENT_REQUEST","","","","","","","","","","","","","",""
"22640","2026-02-23 08:47:30 -12","LIMIT_ORDER","CLIENT_ORDER","EUR/USD","1.17800","1509.00","Buy","","1.16500","1.19100","","","","","","",""
"22641","2026-02-23 08:49:24 -12","ORDER_CANCEL","CLIENT_REQUEST","","","","","","","","","","","","","",""
"22642","2026-02-23 08:49:25 -12","LIMIT_ORDER","CLIENT_ORDER","EUR/USD","1.17800","1509.00","Buy","","1.16500","1.19100","","","","","","",""
"22643","2026-02-23 08:51:19 -12","ORDER_CANCEL","CLIENT_REQUEST","","","","","","","","","","","","","",""
"22644","2026-02-23 08:51:20 -12","LIMIT_ORDER","CLIENT_ORDER","EUR/USD","1.17800","1509.00","Buy","","1.16500","1.19100","","","","","","",""
"22645","2026-02-23 08:53:14 -12","ORDER_CANCEL","CLIENT_REQUEST","","","","","","","","","","","","","",""
"22646","2026-02-23 08:53:15 -12","LIMIT_ORDER","CLIENT_ORDER","EUR/USD","1.17800","1509.00","Buy","","1.16500","1.19100","","","","","","",""
"22647","2026-02-23 08:55:09 -12","ORDER_CANCEL","CLIENT_REQUEST","","","","","","","","","","","","","",""
"22648","2026-02-23 08:55:10 -12","LIMIT_ORDER","CLIENT_ORDER","EUR/USD","1.17800","1509.00","Buy","","1.16500","1.19100","","","","","","",""
"22649","2026-02-23 08:57:04 -12","ORDER_CANCEL","CLIENT_REQUEST","","","","","","","","","","","","","",""
"22650","2026-02-23 08:57:04 -12","LIMIT_ORDER","CLIENT_ORDER","EUR/USD","1.17800","1509.00","Buy","","1.16500","1.19100","","","","","","",""
"22651","2026-02-23 08:59:00 -12","ORDER_CANCEL","CLIENT_REQUEST","","","","","","","","","","","","","",""
"22652","2026-02-23 08:59:01 -12","LIMIT_ORDER","CLIENT_ORDER","EUR/USD","1.17800","1509.00","Buy","","1.16500","1.19100","","","","","","",""
"22653","2026-02-23 09:01:01 -12","ORDER_CANCEL","CLIENT_REQUEST","","","","","","","","","","","","","",""
"22654","2026-02-23 09:01:01 -12","LIMIT_ORDER","CLIENT_ORDER","GBP/USD","1.34750","2000.00","Buy","","1.34400","1.35800","","","","","","",""
"22655","2026-02-23 09:01:02 -12","ORDER_CANCEL","CLIENT_REQUEST","","","","","","","","","","","","","",""
"22656","2026-02-23 09:01:02 -12","LIMIT_ORDER","CLIENT_ORDER","EUR/USD","1.17800","2000.00","Buy","","1.17500","1.18600","","","","","","",""
"22657","2026-02-23 09:06:42 -12","ORDER_CANCEL","CLIENT_REQUEST","","","","","","","","","","","","","",""
"22658","2026-02-23 09:06:42 -12","LIMIT_ORDER","CLIENT_ORDER","GBP/USD","1.34800","2000.00","Buy","","1.34200","1.35400","","","","","","",""
"22659","2026-02-23 09:06:42 -12","ORDER_CANCEL","CLIENT_REQUEST","","","","","","","","","","","","","",""
"22660","2026-02-23 09:06:43 -12","LIMIT_ORDER","CLIENT_ORDER","EUR/USD","1.17750","2000.00","Buy","","1.17100","1.19250","","","","","","",""
"22661","2026-02-23 09:59:26 -12","ORDER_CANCEL","CLIENT_REQUEST","","","","","","","","","","","","","",""
"22662","2026-02-23 09:59:26 -12","ORDER_CANCEL","CLIENT_REQUEST","","","","","","","","","","","","","",""
"22663","2026-02-23 11:05:19 -12","LIMIT_ORDER","CLIENT_ORDER","AUD/USD","0.70600","2000.00","Sell","","0.71500","0.68500","","","","","","",""
"22664","2026-02-23 11:11:00 -12","LIMIT_ORDER","CLIENT_ORDER","GBP/USD","1.34750","1570.00","Buy","","1.33500","1.36000","","","","","","",""
"22665","2026-02-23 11:11:01 -12","LIMIT_ORDER","CLIENT_ORDER","EUR/USD","1.17800","2000.00","Buy","","1.17100","1.18500","","","","","","",""
"22666","2026-02-23 11:12:55 -12","ORDER_CANCEL","CLIENT_REQUEST","","","","","","","","","","","","","",""
"22667","2026-02-23 11:12:56 -12","LIMIT_ORDER","CLIENT_ORDER","GBP/USD","1.34750","1570.00","Buy","","1.33500","1.36000","","","","","","",""
"22668","2026-02-23 11:14:50 -12","ORDER_CANCEL","CLIENT_REQUEST","","","","","","","","","","","","","",""
"22669","2026-02-23 11:14:50 -12","LIMIT_ORDER","CLIENT_ORDER","GBP/USD","1.34750","1570.00","Buy","","1.33500","1.36000","","","","","","",""
"22670","2026-02-23 11:16:44 -12","ORDER_CANCEL","CLIENT_REQUEST","","","","","","","","","","","","","",""
"22671","2026-02-23 11:16:44 -12","LIMIT_ORDER","CLIENT_ORDER","GBP/USD","1.34750","1570.00","Buy","","1.33500","1.36000","","","","","","",""
"22672","2026-02-23 11:18:38 -12","ORDER_CANCEL","CLIENT_REQUEST","","","","","","","","","","","","","",""
"22673","2026-02-23 11:18:38 -12","LIMIT_ORDER","CLIENT_ORDER","GBP/USD","1.34750","1570.00","Buy","","1.33500","1.36000","","","","","","",""
"22674","2026-02-23 11:20:32 -12","ORDER_CANCEL","CLIENT_REQUEST","","","","","","","","","","","","","",""
"22675","2026-02-23 11:20:33 -12","LIMIT_ORDER","CLIENT_ORDER","GBP/USD","1.34750","1570.00","Buy","","1.33500","1.36000","","","","","","",""
"22676","2026-02-23 11:22:27 -12","ORDER_CANCEL","CLIENT_REQUEST","","","","","","","","","","","","","",""
"22677","2026-02-23 11:22:28 -12","LIMIT_ORDER","CLIENT_ORDER","GBP/USD","1.34750","1570.00","Buy","","1.33500","1.36000","","","","","","",""
"22678","2026-02-23 11:24:22 -12","ORDER_CANCEL","CLIENT_REQUEST","","","","","","","","","","","","","",""
"22679","2026-02-23 11:24:22 -12","LIMIT_ORDER","CLIENT_ORDER","GBP/USD","1.34750","1570.00","Buy","","1.33500","1.36000","","","","","","",""
"22680","2026-02-23 11:26:16 -12","ORDER_CANCEL","CLIENT_REQUEST","","","","","","","","","","","","","",""
"22681","2026-02-23 11:26:17 -12","LIMIT_ORDER","CLIENT_ORDER","GBP/USD","1.34750","1570.00","Buy","","1.33500","1.36000","","","","","","",""
"22682","2026-02-23 11:28:10 -12","ORDER_CANCEL","CLIENT_REQUEST","","","","","","","","","","","","","",""
"22683","2026-02-23 11:28:11 -12","LIMIT_ORDER","CLIENT_ORDER","GBP/USD","1.34750","1570.00","Buy","","1.33500","1.36000","","","","","","",""
"22684","2026-02-23 11:30:05 -12","ORDER_CANCEL","CLIENT_REQUEST","","","","","","","","","","","","","",""
"22685","2026-02-23 11:30:05 -12","LIMIT_ORDER","CLIENT_ORDER","GBP/USD","1.34750","1570.00","Buy","","1.33500","1.36000","","","","","","",""
"22686","2026-02-23 11:32:00 -12","ORDER_CANCEL","CLIENT_REQUEST","","","","","","","","","","","","","",""
"22687","2026-02-23 11:32:00 -12","LIMIT_ORDER","CLIENT_ORDER","GBP/USD","1.34750","1570.00","Buy","","1.33500","1.36000","","","","","","",""
"22688","2026-02-23 11:33:54 -12","ORDER_CANCEL","CLIENT_REQUEST","","","","","","","","","","","","","",""
"22689","2026-02-23 11:33:54 -12","LIMIT_ORDER","CLIENT_ORDER","GBP/USD","1.34750","1570.00","Buy","","1.33500","1.36000","","","","","","",""
"22690","2026-02-23 11:35:48 -12","ORDER_CANCEL","CLIENT_REQUEST","","","","","","","","","","","","","",""
"22691","2026-02-23 11:35:49 -12","LIMIT_ORDER","CLIENT_ORDER","GBP/USD","1.34750","1570.00","Buy","","1.33500","1.36000","","","","","","",""
"22692","2026-02-23 11:37:42 -12","ORDER_CANCEL","CLIENT_REQUEST","","","","","","","","","","","","","",""
"22693","2026-02-23 11:37:43 -12","LIMIT_ORDER","CLIENT_ORDER","GBP/USD","1.34750","1570.00","Buy","","1.33500","1.36000","","","","","","",""
"22694","2026-02-23 11:38:15 -12","ORDER_FILL","LIMIT_ORDER","AUD/USD","0.70600","2000.00","Sell","0.1780","","","","0.00000","0.0000","","0.00000","","98139.49"
"22695","2026-02-23 11:38:15 -12","TAKE_PROFIT_ORDER","ON_FILL","","0.68500","","","","","","","","","","","",""
"22696","2026-02-23 11:38:15 -12","STOP_LOSS_ORDER","ON_FILL","","0.71500","","","","","","","","","","","",""
"22697","2026-02-23 11:39:38 -12","ORDER_CANCEL","CLIENT_REQUEST","","","","","","","","","","","","","",""
"22698","2026-02-23 11:39:38 -12","LIMIT_ORDER","CLIENT_ORDER","GBP/USD","1.34750","1570.00","Buy","","1.33500","1.36000","","","","","","",""
"22699","2026-02-23 11:39:40 -12","MARKET_ORDER","TRADE_CLOSE","AUD/USD","","2000.00","Buy","","","","","","","","","",""
"22700","2026-02-23 11:39:40 -12","ORDER_FILL","MARKET_ORDER_TRADE_CLOSE","AUD/USD","0.70620","2000.00","Buy","0.2191","","","","0.00000","0.0000","1.3764","-0.55050","","98138.94"
"22701","2026-02-23 11:39:40 -12","ORDER_CANCEL","LINKED_TRADE_CLOSED","","","","","","","","","","","","","",""
"22702","2026-02-23 11:39:40 -12","ORDER_CANCEL","LINKED_TRADE_CLOSED","","","","","","","","","","","","","",""
"22703","2026-02-23 11:41:33 -12","ORDER_CANCEL","CLIENT_REQUEST","","","","","","","","","","","","","",""
"22704","2026-02-23 11:41:33 -12","LIMIT_ORDER","CLIENT_ORDER","GBP/USD","1.34750","1570.00","Buy","","1.33500","1.36000","","","","","","",""
"22705","2026-02-23 11:43:28 -12","ORDER_CANCEL","CLIENT_REQUEST","","","","","","","","","","","","","",""
"22706","2026-02-23 11:43:28 -12","LIMIT_ORDER","CLIENT_ORDER","GBP/USD","1.34750","1570.00","Buy","","1.33500","1.36000","","","","","","",""
"22707","2026-02-23 11:45:23 -12","ORDER_CANCEL","CLIENT_REQUEST","","","","","","","","","","","","","",""
"22708","2026-02-23 11:45:23 -12","LIMIT_ORDER","CLIENT_ORDER","GBP/USD","1.34750","1570.00","Buy","","1.33500","1.36000","","","","","","",""
"22709","2026-02-23 11:47:19 -12","ORDER_CANCEL","CLIENT_REQUEST","","","","","","","","","","","","","",""
"22710","2026-02-23 11:47:19 -12","LIMIT_ORDER","CLIENT_ORDER","GBP/USD","1.34750","1570.00","Buy","","1.33500","1.36000","","","","","","",""
"22711","2026-02-23 11:49:13 -12","ORDER_CANCEL","CLIENT_REQUEST","","","","","","","","","","","","","",""
"22712","2026-02-23 11:49:14 -12","LIMIT_ORDER","CLIENT_ORDER","GBP/USD","1.34750","1570.00","Buy","","1.33500","1.36000","","","","","","",""
"22713","2026-02-23 11:51:08 -12","ORDER_CANCEL","CLIENT_REQUEST","","","","","","","","","","","","","",""
"22714","2026-02-23 11:51:08 -12","LIMIT_ORDER","CLIENT_ORDER","GBP/USD","1.34750","1570.00","Buy","","1.33500","1.36000","","","","","","",""
"22715","2026-02-23 11:53:03 -12","ORDER_CANCEL","CLIENT_REQUEST","","","","","","","","","","","","","",""
"22716","2026-02-23 11:53:03 -12","LIMIT_ORDER","CLIENT_ORDER","GBP/USD","1.34750","1570.00","Buy","","1.33500","1.36000","","","","","","",""
"22717","2026-02-23 11:54:57 -12","ORDER_CANCEL","CLIENT_REQUEST","","","","","","","","","","","","","",""
"22718","2026-02-23 11:54:58 -12","LIMIT_ORDER","CLIENT_ORDER","GBP/USD","1.34750","1570.00","Buy","","1.33500","1.36000","","","","","","",""
"22719","2026-02-23 11:57:01 -12","ORDER_CANCEL","CLIENT_REQUEST","","","","","","","","","","","","","",""
"22720","2026-02-23 11:57:02 -12","LIMIT_ORDER","CLIENT_ORDER","GBP/USD","1.34750","1570.00","Buy","","1.33500","1.36000","","","","","","",""
"22721","2026-02-23 11:58:55 -12","ORDER_CANCEL","CLIENT_REQUEST","","","","","","","","","","","","","",""
"22722","2026-02-23 11:58:56 -12","LIMIT_ORDER","CLIENT_ORDER","GBP/USD","1.34750","1570.00","Buy","","1.33500","1.36000","","","","","","",""
"22723","2026-02-23 12:01:04 -12","ORDER_CANCEL","CLIENT_REQUEST","","","","","","","","","","","","","",""
"22724","2026-02-23 12:01:04 -12","ORDER_CANCEL","CLIENT_REQUEST","","","","","","","","","","","","","",""
"22725","2026-02-23 12:47:49 -12","LIMIT_ORDER","CLIENT_ORDER","EUR/USD","1.17800","2000.00","Buy","","1.17200","1.19000","","","","","","",""
"22726","2026-02-23 12:47:51 -12","LIMIT_ORDER","CLIENT_ORDER","GBP/USD","1.34800","2000.00","Buy","","1.33600","1.36000","","","","","","",""
"22727","2026-02-23 12:52:21 -12","ORDER_CANCEL","CLIENT_REQUEST","","","","","","","","","","","","","",""
"22728","2026-02-23 12:52:35 -12","ORDER_CANCEL","CLIENT_REQUEST","","","","","","","","","","","","","",""
"22729","2026-02-23 12:52:42 -12","ORDER_CANCEL","CLIENT_REQUEST","","","","","","","","","","","","","",""
"22730","2026-02-23 12:52:52 -12","ORDER_CANCEL","CLIENT_REQUEST","","","","","","","","","","","","","",""
"22731","2026-02-23 12:53:17 -12","ORDER_CANCEL","CLIENT_REQUEST","","","","","","","","","","","","","",""
"22732","2026-02-23 12:53:33 -12","ORDER_CANCEL","CLIENT_REQUEST","","","","","","","","","","","","","",""
"22733","2026-02-23 12:59:14 -12","ORDER_CANCEL_REJECT","","","","","","","","","","","","","","",""
"22734","2026-02-23 12:59:15 -12","MARKET_IF_TOUCHED_ORDER","CLIENT_ORDER","GBP/USD","1.34950","2000.00","Buy","","1.34100","1.36200","","","","","","",""
"22735","2026-02-23 12:59:15 -12","LIMIT_ORDER","CLIENT_ORDER","USD/ZAR","16.02000","2000.00","Sell","","16.35000","15.55000","","","","","","",""
"22736","2026-02-23 12:59:16 -12","MARKET_IF_TOUCHED_ORDER","CLIENT_ORDER","GBP/JPY","208.90000","2000.00","Sell","","209.30000","208.30000","","","","","","",""
"22737","2026-02-23 13:00:00 -12","ORDER_FILL","MARKET_IF_TOUCHED_ORDER","GBP/USD","1.34948","2000.00","Buy","0.2055","","","","0.00000","0.0000","","0.00000","","98138.94"
"22738","2026-02-23 13:00:00 -12","TAKE_PROFIT_ORDER","ON_FILL","","1.36200","","","","","","","","","","","",""
"22739","2026-02-23 13:00:00 -12","STOP_LOSS_ORDER","ON_FILL","","1.34100","","","","","","","","","","","",""
"22740","2026-02-23 13:01:15 -12","ORDER_CANCEL","CLIENT_REQUEST","","","","","","","","","","","","","",""
"22741","2026-02-23 13:05:05 -12","ORDER_CANCEL_REJECT","","","","","","","","","","","","","","",""
"22742","2026-02-23 13:05:06 -12","LIMIT_ORDER","CLIENT_ORDER","EUR/USD","1.17650","2000.00","Buy","","1.16300","1.19000","","","","","","",""
"22743","2026-02-23 13:05:06 -12","ORDER_CANCEL","CLIENT_REQUEST","","","","","","","","","","","","","",""
"22744","2026-02-23 13:05:06 -12","LIMIT_ORDER","CLIENT_ORDER","GBP/JPY","209.10000","2000.00","Sell","","209.95000","208.25000","","","","","","",""
"22745","2026-02-23 13:22:26 -12","ORDER_FILL","LIMIT_ORDER","GBP/JPY","209.10200","2000.00","Sell","0.3183","","","","0.00000","0.0000","","0.00000","","98138.94"
"22746","2026-02-23 13:22:26 -12","TAKE_PROFIT_ORDER","ON_FILL","","208.25000","","","","","","","","","","","",""
"22747","2026-02-23 13:22:26 -12","STOP_LOSS_ORDER","ON_FILL","","209.95000","","","","","","","","","","","",""
"22748","2026-02-23 13:22:58 -12","TRADE_CLIENT_EXTENSIONS_MODIFY","","","","","","","","","","","","","","",""
"22749","2026-02-23 14:00:13 -12","ORDER_CANCEL_REJECT","","","","","","","","","","","","","","",""
"22750","2026-02-23 14:00:14 -12","ORDER_CANCEL","CLIENT_REQUEST","","","","","","","","","","","","","",""
"22751","2026-02-23 14:00:14 -12","LIMIT_ORDER","CLIENT_ORDER","EUR/USD","1.17750","2000.00","Buy","","1.17450","1.18150","","","","","","",""
"22752","2026-02-23 14:00:14 -12","ORDER_CANCEL_REJECT","","","","","","","","","","","","","","",""
"22753","2026-02-23 14:05:53 -12","ORDER_CANCEL","CLIENT_REQUEST","","","","","","","","","","","","","",""
"22754","2026-02-23 14:05:53 -12","LIMIT_ORDER","CLIENT_ORDER","EUR/USD","1.17800","2000.00","Buy","","1.17200","1.19000","","","","","","",""
"22755","2026-02-23 14:06:46 -12","TRADE_CLIENT_EXTENSIONS_MODIFY","","","","","","","","","","","","","","",""
"22756","2026-02-23 14:16:28 -12","ORDER_FILL","LIMIT_ORDER","EUR/USD","1.17800","2000.00","Buy","0.1919","","","","0.00000","0.0000","","0.00000","","98138.94"
"22757","2026-02-23 14:16:28 -12","TAKE_PROFIT_ORDER","ON_FILL","","1.19000","","","","","","","","","","","",""
"22758","2026-02-23 14:16:28 -12","STOP_LOSS_ORDER","ON_FILL","","1.17200","","","","","","","","","","","",""
"22759","2026-02-23 14:29:31 -12","TRADE_CLIENT_EXTENSIONS_MODIFY","","","","","","","","","","","","","","",""
"22760","2026-02-23 14:29:31 -12","TRADE_CLIENT_EXTENSIONS_MODIFY","","","","","","","","","","","","","","",""
"22761","2026-02-23 14:58:48 -12","ORDER_CANCEL_REJECT","","","","","","","","","","","","","","",""
"22762","2026-02-23 14:58:48 -12","MARKET_IF_TOUCHED_ORDER","CLIENT_ORDER","GBP/USD","1.34950","2000.00","Sell","","1.35250","1.34550","","","","","","",""
"22763","2026-02-23 14:59:40 -12","TRADE_CLIENT_EXTENSIONS_MODIFY","","","","","","","","","","","","","","",""
"22764","2026-02-23 14:59:40 -12","TRADE_CLIENT_EXTENSIONS_MODIFY","","","","","","","","","","","","","","",""
"22765","2026-02-23 14:59:40 -12","TRADE_CLIENT_EXTENSIONS_MODIFY","","","","","","","","","","","","","","",""
"22766","2026-02-23 15:04:33 -12","ORDER_CANCEL","CLIENT_REQUEST","","","","","","","","","","","","","",""
"22767","2026-02-23 15:04:34 -12","MARKET_IF_TOUCHED_ORDER","CLIENT_ORDER","GBP/USD","1.34925","2000.00","Sell","","1.35400","1.33800","","","","","","",""
"22768","2026-02-23 15:28:52 -12","ORDER_FILL","MARKET_IF_TOUCHED_ORDER","GBP/USD","1.34923","2000.00","Sell","0.2741","","","","0.00000","0.0000","1.3772","-0.68860","","98138.25"
"22769","2026-02-23 15:28:52 -12","ORDER_CANCEL","LINKED_TRADE_CLOSED","","","","","","","","","","","","","",""
"22770","2026-02-23 15:28:52 -12","ORDER_CANCEL","LINKED_TRADE_CLOSED","","","","","","","","","","","","","",""
"22771","2026-02-23 15:29:11 -12","MARKET_IF_TOUCHED_ORDER","CLIENT_ORDER","EUR/JPY","182.60000","2000.00","Sell","","184.20000","181.00000","","","","","","",""
"22772","2026-02-23 15:33:16 -12","ORDER_FILL","MARKET_IF_TOUCHED_ORDER","EUR/JPY","182.60000","2000.00","Sell","0.2298","","","","0.00000","0.0000","","0.00000","","98138.25"
"22773","2026-02-23 15:33:16 -12","TAKE_PROFIT_ORDER","ON_FILL","","181.00000","","","","","","","","","","","",""
"22774","2026-02-23 15:33:16 -12","STOP_LOSS_ORDER","ON_FILL","","184.20000","","","","","","","","","","","",""
"22775","2026-02-23 15:59:37 -12","ORDER_CANCEL_REJECT","","","","","","","","","","","","","","",""
"22776","2026-02-23 15:59:37 -12","ORDER_CANCEL_REJECT","","","","","","","","","","","","","","",""
"22777","2026-02-23 17:04:01 -12","LIMIT_ORDER_REJECT","CLIENT_ORDER","USD/CNY","6.94250","2000.00","","","6.96000","6.91500","","","","","","",""
"22778","2026-02-23 17:05:55 -12","LIMIT_ORDER_REJECT","CLIENT_ORDER","USD/CNY","6.94250","2000.00","","","6.96000","6.91500","","","","","","",""
"22779","2026-02-23 17:07:51 -12","LIMIT_ORDER_REJECT","CLIENT_ORDER","USD/CNY","6.94250","2000.00","","","6.96000","6.91500","","","","","","",""
"22780","2026-02-23 17:09:50 -12","LIMIT_ORDER_REJECT","CLIENT_ORDER","USD/CNY","6.94250","2000.00","","","6.96000","6.91500","","","","","","",""
"22781","2026-02-23 17:11:44 -12","LIMIT_ORDER_REJECT","CLIENT_ORDER","USD/CNY","6.94250","2000.00","","","6.96000","6.91500","","","","","","",""
"22782","2026-02-23 17:13:39 -12","LIMIT_ORDER_REJECT","CLIENT_ORDER","USD/CNY","6.94250","2000.00","","","6.96000","6.91500","","","","","","",""
"22783","2026-02-23 17:15:34 -12","LIMIT_ORDER_REJECT","CLIENT_ORDER","USD/CNY","6.94250","2000.00","","","6.96000","6.91500","","","","","","",""
"22784","2026-02-23 17:17:31 -12","LIMIT_ORDER_REJECT","CLIENT_ORDER","USD/CNY","6.94250","2000.00","","","6.96000","6.91500","","","","","","",""
"22785","2026-02-23 17:19:27 -12","LIMIT_ORDER_REJECT","CLIENT_ORDER","USD/CNY","6.94250","2000.00","","","6.96000","6.91500","","","","","","",""
"22786","2026-02-23 17:21:24 -12","LIMIT_ORDER_REJECT","CLIENT_ORDER","USD/CNY","6.94250","2000.00","","","6.96000","6.91500","","","","","","",""
"22787","2026-02-23 17:23:18 -12","LIMIT_ORDER_REJECT","CLIENT_ORDER","USD/CNY","6.94250","2000.00","","","6.96000","6.91500","","","","","","",""
"22788","2026-02-23 17:25:13 -12","LIMIT_ORDER_REJECT","CLIENT_ORDER","USD/CNY","6.94250","2000.00","","","6.96000","6.91500","","","","","","",""
"22789","2026-02-23 17:27:07 -12","LIMIT_ORDER_REJECT","CLIENT_ORDER","USD/CNY","6.94250","2000.00","","","6.96000","6.91500","","","","","","",""
"22790","2026-02-23 17:29:02 -12","LIMIT_ORDER_REJECT","CLIENT_ORDER","USD/CNY","6.94250","2000.00","","","6.96000","6.91500","","","","","","",""
"22791","2026-02-23 17:30:57 -12","LIMIT_ORDER_REJECT","CLIENT_ORDER","USD/CNY","6.94250","2000.00","","","6.96000","6.91500","","","","","","",""
"22792","2026-02-23 17:32:52 -12","LIMIT_ORDER_REJECT","CLIENT_ORDER","USD/CNY","6.94250","2000.00","","","6.96000","6.91500","","","","","","",""
"22793","2026-02-23 17:34:47 -12","LIMIT_ORDER_REJECT","CLIENT_ORDER","USD/CNY","6.94250","2000.00","","","6.96000","6.91500","","","","","","",""
"22794","2026-02-23 17:36:45 -12","LIMIT_ORDER_REJECT","CLIENT_ORDER","USD/CNY","6.94250","2000.00","","","6.96000","6.91500","","","","","","",""
"22795","2026-02-23 17:38:40 -12","LIMIT_ORDER_REJECT","CLIENT_ORDER","USD/CNY","6.94250","2000.00","","","6.96000","6.91500","","","","","","",""
"22796","2026-02-23 17:40:35 -12","LIMIT_ORDER_REJECT","CLIENT_ORDER","USD/CNY","6.94250","2000.00","","","6.96000","6.91500","","","","","","",""
"22797","2026-02-23 17:42:30 -12","LIMIT_ORDER_REJECT","CLIENT_ORDER","USD/CNY","6.94250","2000.00","","","6.96000","6.91500","","","","","","",""
"22798","2026-02-23 17:44:24 -12","LIMIT_ORDER_REJECT","CLIENT_ORDER","USD/CNY","6.94250","2000.00","","","6.96000","6.91500","","","","","","",""
"22799","2026-02-23 17:46:18 -12","LIMIT_ORDER_REJECT","CLIENT_ORDER","USD/CNY","6.94250","2000.00","","","6.96000","6.91500","","","","","","",""
"22800","2026-02-23 17:48:13 -12","LIMIT_ORDER_REJECT","CLIENT_ORDER","USD/CNY","6.94250","2000.00","","","6.96000","6.91500","","","","","","",""
"22801","2026-02-23 17:50:07 -12","LIMIT_ORDER_REJECT","CLIENT_ORDER","USD/CNY","6.94250","2000.00","","","6.96000","6.91500","","","","","","",""
"22802","2026-02-23 17:52:04 -12","LIMIT_ORDER_REJECT","CLIENT_ORDER","USD/CNY","6.94250","2000.00","","","6.96000","6.91500","","","","","","",""
"22803","2026-02-23 17:53:58 -12","LIMIT_ORDER_REJECT","CLIENT_ORDER","USD/CNY","6.94250","2000.00","","","6.96000","6.91500","","","","","","",""
"22804","2026-02-23 17:55:57 -12","LIMIT_ORDER_REJECT","CLIENT_ORDER","USD/CNY","6.94250","2000.00","","","6.96000","6.91500","","","","","","",""
"22805","2026-02-23 17:57:57 -12","LIMIT_ORDER_REJECT","CLIENT_ORDER","USD/CNY","6.94250","2000.00","","","6.96000","6.91500","","","","","","",""
"22806","2026-02-23 17:59:50 -12","LIMIT_ORDER","CLIENT_ORDER","GBP/JPY","209.00000","2000.00","Buy","","207.50000","211.00000","","","","","","",""
"22807","2026-02-23 18:05:37 -12","ORDER_CANCEL","CLIENT_REQUEST","","","","","","","","","","","","","",""
"22808","2026-02-23 18:05:37 -12","LIMIT_ORDER","CLIENT_ORDER","GBP/JPY","208.85000","2000.00","Buy","","207.95000","210.50000","","","","","","",""
"22809","2026-02-23 18:58:40 -12","ORDER_CANCEL","CLIENT_REQUEST","","","","","","","","","","","","","",""
"22810","2026-02-23 18:58:41 -12","MARKET_IF_TOUCHED_ORDER","CLIENT_ORDER","GBP/JPY","209.10000","2000.00","Buy","","208.00000","210.50000","","","","","","",""
"22811","2026-02-23 18:59:34 -12","TRADE_CLIENT_EXTENSIONS_MODIFY","","","","","","","","","","","","","","",""
"22812","2026-02-23 19:05:20 -12","TRADE_CLIENT_EXTENSIONS_MODIFY","","","","","","","","","","","","","","",""
"22813","2026-02-23 19:05:20 -12","TRADE_CLIENT_EXTENSIONS_MODIFY","","","","","","","","","","","","","","",""
"22814","2026-02-23 19:05:20 -12","TRADE_CLIENT_EXTENSIONS_MODIFY","","","","","","","","","","","","","","",""
"22815","2026-02-23 19:05:22 -12","ORDER_FILL","MARKET_IF_TOUCHED_ORDER","GBP/JPY","209.14300","2000.00","Buy","0.3005","","","","0.00000","0.0000","0.0089","-0.72830","","98137.53"
"22816","2026-02-23 19:05:22 -12","ORDER_CANCEL","LINKED_TRADE_CLOSED","","","","","","","","","","","","","",""
"22817","2026-02-23 19:05:22 -12","ORDER_CANCEL","LINKED_TRADE_CLOSED","","","","","","","","","","","","","",""
"22818","2026-02-23 19:29:12 -12","ORDER_CANCEL_REJECT","","","","","","","","","","","","","","",""
"22819","2026-02-23 20:00:28 -12","TRADE_CLIENT_EXTENSIONS_MODIFY","","","","","","","","","","","","","","",""
"22820","2026-02-23 20:00:28 -12","TRADE_CLIENT_EXTENSIONS_MODIFY","","","","","","","","","","","","","","",""
"22821","2026-02-23 20:06:15 -12","TRADE_CLIENT_EXTENSIONS_MODIFY","","","","","","","","","","","","","","",""
"22822","2026-02-23 20:06:15 -12","TRADE_CLIENT_EXTENSIONS_MODIFY","","","","","","","","","","","","","","",""
"22823","2026-02-23 20:24:00 -12","ORDER_FILL","STOP_LOSS_ORDER","EUR/JPY","184.20100","2000.00","Buy","0.2630","","","","0.00000","0.0000","0.0088","-28.21600","","98109.31"
"22824","2026-02-23 20:24:00 -12","ORDER_CANCEL","LINKED_TRADE_CLOSED","","","","","","","","","","","","","",""
"22825","2026-02-23 20:59:24 -12","TRADE_CLIENT_EXTENSIONS_MODIFY","","","","","","","","","","","","","","",""
"22826","2026-02-23 21:06:12 -12","TRADE_CLIENT_EXTENSIONS_MODIFY","","","","","","","","","","","","","","",""
"22827","2026-02-23 21:58:30 -12","LIMIT_ORDER","CLIENT_ORDER","EUR/GBP","0.87250","2000.00","Buy","","0.87000","0.87850","","","","","","",""
"22828","2026-02-23 21:59:24 -12","TRADE_CLIENT_EXTENSIONS_MODIFY","","","","","","","","","","","","","","",""
"22829","2026-02-23 22:04:18 -12","ORDER_CANCEL","CLIENT_REQUEST","","","","","","","","","","","","","",""
"22830","2026-02-23 22:04:18 -12","MARKET_IF_TOUCHED_ORDER","CLIENT_ORDER","EUR/GBP","0.87360","2000.00","Buy","","0.86950","0.88200","","","","","","",""
"22831","2026-02-23 22:45:06 -12","MARKET_ORDER","CLIENT_ORDER","USD/CAD","","2000.00","Buy","","1.36759","","","","","","","",""
"22832","2026-02-23 22:45:06 -12","ORDER_FILL","MARKET_ORDER","USD/CAD","1.37021","2000.00","Buy","0.1900","","","","0.00000","0.0000","","0.00000","","98109.31"
"22833","2026-02-23 22:45:06 -12","STOP_LOSS_ORDER","ON_FILL","","1.36759","","","","","","","","","","","",""
"22834","2026-02-23 22:59:35 -12","ORDER_CANCEL","CLIENT_REQUEST","","","","","","","","","","","","","",""
"22835","2026-02-23 22:59:35 -12","MARKET_IF_TOUCHED_ORDER","CLIENT_ORDER","EUR/GBP","0.87400","2000.00","Buy","","0.87200","0.87800","","","","","","",""
"22836","2026-02-23 23:05:28 -12","ORDER_CANCEL","CLIENT_REQUEST","","","","","","","","","","","","","",""
"22837","2026-02-23 23:05:28 -12","MARKET_IF_TOUCHED_ORDER","CLIENT_ORDER","EUR/GBP","0.87500","2000.00","Buy","","0.87200","0.87800","","","","","","",""
"22838","2026-02-23 23:06:22 -12","TRADE_CLIENT_EXTENSIONS_MODIFY","","","","","","","","","","","","","","",""
"22839","2026-02-23 23:58:50 -12","ORDER_CANCEL","CLIENT_REQUEST","","","","","","","","","","","","","",""
"22840","2026-02-23 23:58:50 -12","LIMIT_ORDER","CLIENT_ORDER","EUR/GBP","0.87300","2000.00","Buy","","0.86600","0.88000","","","","","","",""
"22841","2026-02-23 23:59:43 -12","TRADE_CLIENT_EXTENSIONS_MODIFY","","","","","","","","","","","","","","",""
"22842","2026-02-24 00:04:39 -12","ORDER_CANCEL","CLIENT_REQUEST","","","","","","","","","","","","","",""
"22843","2026-02-24 00:04:39 -12","LIMIT_ORDER","CLIENT_ORDER","EUR/GBP","0.87250","2000.00","Buy","","0.86300","0.88200","","","","","","",""
"22844","2026-02-24 01:05:46 -12","ORDER_CANCEL","CLIENT_REQUEST","","","","","","","","","","","","","",""
"22845","2026-02-24 01:05:46 -12","LIMIT_ORDER","CLIENT_ORDER","EUR/GBP","0.87300","2000.00","Buy","","0.86400","0.88200","","","","","","",""
"22846","2026-02-24 01:06:39 -12","TRADE_CLIENT_EXTENSIONS_MODIFY","","","","","","","","","","","","","","",""
"22847","2026-02-24 01:58:37 -12","ORDER_FILL","LIMIT_ORDER","EUR/GBP","0.87300","2000.00","Buy","0.2589","","","","0.00000","0.0000","","0.00000","","98109.31"
"22848","2026-02-24 01:58:37 -12","TAKE_PROFIT_ORDER","ON_FILL","","0.88200","","","","","","","","","","","",""
"22849","2026-02-24 01:58:37 -12","STOP_LOSS_ORDER","ON_FILL","","0.86400","","","","","","","","","","","",""
"22850","2026-02-24 01:58:58 -12","ORDER_CANCEL_REJECT","","","","","","","","","","","","","","",""
"22851","2026-02-24 01:58:59 -12","LIMIT_ORDER","CLIENT_ORDER","USD/JPY","154.70000","2000.00","Buy","","153.80000","155.60000","","","","","","",""
"22852","2026-02-24 01:59:51 -12","TRADE_CLIENT_EXTENSIONS_MODIFY","","","","","","","","","","","","","","",""
"22853","2026-02-24 02:00:57 -12","ORDER_CANCEL","CLIENT_REQUEST","","","","","","","","","","","","","",""
"22854","2026-02-24 02:32:31 -12","TRADE_CLIENT_EXTENSIONS_MODIFY","","","","","","","","","","","","","","",""
"22855","2026-02-24 03:58:21 -12","LIMIT_ORDER","CLIENT_ORDER","EUR/JPY","182.40000","2000.00","Buy","","181.20000","185.50000","","","","","","",""
"22856","2026-02-24 04:00:20 -12","ORDER_CANCEL","CLIENT_REQUEST","","","","","","","","","","","","","",""
"22857","2026-02-24 05:12:21 -12","MARKET_ORDER","TRADE_CLOSE","USD/CAD","","2000.00","Sell","","","","","","","","","",""
"22858","2026-02-24 05:12:21 -12","ORDER_FILL","MARKET_ORDER_TRADE_CLOSE","USD/CAD","1.37000","2000.00","Sell","0.1900","","","","0.00000","0.0000","1.0000","-0.42000","","98108.89"
"22859","2026-02-24 05:12:21 -12","ORDER_CANCEL","LINKED_TRADE_CLOSED","","","","","","","","","","","","","",""
"22860","2026-02-24 05:59:59 -12","TRADE_CLIENT_EXTENSIONS_MODIFY","","","","","","","","","","","","","","",""
"22861","2026-02-24 05:59:59 -12","TRADE_CLIENT_EXTENSIONS_MODIFY","","","","","","","","","","","","","","",""
"22862","2026-02-24 06:05:47 -12","TRADE_CLIENT_EXTENSIONS_MODIFY","","","","","","","","","","","","","","",""
"22863","2026-02-24 06:05:47 -12","TRADE_CLIENT_EXTENSIONS_MODIFY","","","","","","","","","","","","","","",""
"22864","2026-02-24 06:59:14 -12","TRADE_CLIENT_EXTENSIONS_MODIFY","","","","","","","","","","","","","","",""
"22865","2026-02-24 06:59:14 -12","TRADE_CLIENT_EXTENSIONS_MODIFY","","","","","","","","","","","","","","",""
"22866","2026-02-24 07:05:05 -12","TRADE_CLIENT_EXTENSIONS_MODIFY","","","","","","","","","","","","","","",""
"22867","2026-02-24 07:05:05 -12","TRADE_CLIENT_EXTENSIONS_MODIFY","","","","","","","","","","","","","","",""
"22868","2026-02-24 08:59:29 -12","TRADE_CLIENT_EXTENSIONS_MODIFY","","","","","","","","","","","","","","",""
"22869","2026-02-24 08:59:29 -12","TRADE_CLIENT_EXTENSIONS_MODIFY","","","","","","","","","","","","","","",""
"22870","2026-02-24 09:05:13 -12","TRADE_CLIENT_EXTENSIONS_MODIFY","","","","","","","","","","","","","","",""
"22871","2026-02-24 09:05:13 -12","TRADE_CLIENT_EXTENSIONS_MODIFY","","","","","","","","","","","","","","",""
"22872","2026-02-24 09:30:29 -12","MARKET_ORDER","TRADE_CLOSE","EUR/USD","","2000.00","Sell","","","","","","","","","",""
"22873","2026-02-24 09:30:29 -12","ORDER_FILL","MARKET_ORDER_TRADE_CLOSE","EUR/USD","1.17747","2000.00","Sell","0.2329","","","","0.00000","0.0000","1.3770","-1.45960","","98107.43"
"22874","2026-02-24 09:30:29 -12","ORDER_CANCEL","LINKED_TRADE_CLOSED","","","","","","","","","","","","","",""
"22875","2026-02-24 09:30:29 -12","ORDER_CANCEL","LINKED_TRADE_CLOSED","","","","","","","","","","","","","",""
"22876","2026-02-24 09:30:29 -12","MARKET_ORDER","TRADE_CLOSE","EUR/GBP","","2000.00","Sell","","","","","","","","","",""
"22877","2026-02-24 09:30:29 -12","ORDER_FILL","MARKET_ORDER_TRADE_CLOSE","EUR/GBP","0.87246","2000.00","Sell","0.2404","","","","0.00000","0.0000","1.8583","-2.00700","","98105.42"
"22878","2026-02-24 09:30:29 -12","ORDER_CANCEL","LINKED_TRADE_CLOSED","","","","","","","","","","","","","",""
"22879","2026-02-24 09:30:29 -12","ORDER_CANCEL","LINKED_TRADE_CLOSED","","","","","","","","","","","","","",""
"22880","2026-02-24 20:59:50 -12","LIMIT_ORDER","CLIENT_ORDER","AUD/JPY","110.00000","2000.00","Buy","","108.25000","111.75000","","","","","","",""
"22881","2026-02-24 21:11:13 -12","ORDER_CANCEL","CLIENT_REQUEST","","","","","","","","","","","","","",""
"22882","2026-02-25 10:16:04 -12","LIMIT_ORDER","CLIENT_ORDER","AUD/JPY","111.20000","2000.00","Buy","","110.40000","113.00000","","","","","","",""
"22883","2026-02-25 10:16:06 -12","LIMIT_ORDER","CLIENT_ORDER","GBP/JPY","211.80000","2000.00","Buy","","210.70000","214.50000","","","","","","",""
"22884","2026-02-25 10:59:14 -12","LIMIT_ORDER","CLIENT_ORDER","USD/ZAR","15.90000","2000.00","Sell","","16.05000","15.60000","","","","","","",""
"22885","2026-02-25 11:03:47 -12","ORDER_CANCEL","CLIENT_REQUEST","","","","","","","","","","","","","",""
"22886","2026-02-25 11:25:14 -12","ORDER_FILL","LIMIT_ORDER","GBP/JPY","211.79900","2000.00","Buy","0.4114","","","","0.00000","0.0000","","0.00000","","98105.42"
"22887","2026-02-25 11:25:14 -12","TAKE_PROFIT_ORDER","ON_FILL","","214.50000","","","","","","","","","","","",""
"22888","2026-02-25 11:25:14 -12","STOP_LOSS_ORDER","ON_FILL","","210.70000","","","","","","","","","","","",""
"22889","2026-02-25 11:25:21 -12","MARKET_ORDER","TRADE_CLOSE","GBP/JPY","","2000.00","Sell","","","","","","","","","",""
"22890","2026-02-25 11:25:21 -12","ORDER_FILL","MARKET_ORDER_TRADE_CLOSE","GBP/JPY","211.74900","2000.00","Sell","0.3589","","","","0.00000","0.0000","0.0088","-0.87980","","98104.54"
"22891","2026-02-25 11:25:21 -12","ORDER_CANCEL","LINKED_TRADE_CLOSED","","","","","","","","","","","","","",""
"22892","2026-02-25 11:25:21 -12","ORDER_CANCEL","LINKED_TRADE_CLOSED","","","","","","","","","","","","","",""
"22893","2026-02-25 11:41:52 -12","ORDER_FILL","LIMIT_ORDER","AUD/JPY","111.20000","2000.00","Buy","0.1751","","","","0.00000","0.0000","","0.00000","","98104.54"
"22894","2026-02-25 11:41:52 -12","TAKE_PROFIT_ORDER","ON_FILL","","113.00000","","","","","","","","","","","",""
"22895","2026-02-25 11:41:52 -12","STOP_LOSS_ORDER","ON_FILL","","110.40000","","","","","","","","","","","",""
"22896","2026-02-25 11:42:28 -12","MARKET_ORDER","TRADE_CLOSE","AUD/JPY","","2000.00","Sell","","","","","","","","","",""
"22897","2026-02-25 11:42:28 -12","ORDER_FILL","MARKET_ORDER_TRADE_CLOSE","AUD/JPY","111.17500","2000.00","Sell","0.1488","","","","0.00000","0.0000","0.0088","-0.43990","","98104.10"
"22898","2026-02-25 11:42:28 -12","ORDER_CANCEL","LINKED_TRADE_CLOSED","","","","","","","","","","","","","",""
"22899","2026-02-25 11:42:28 -12","ORDER_CANCEL","LINKED_TRADE_CLOSED","","","","","","","","","","","","","",""
"22900","2026-02-25 19:05:06 -12","LIMIT_ORDER","CLIENT_ORDER","EUR/GBP","0.87100","2000.00","Buy","","0.87000","0.87300","","","","","","",""
"22901","2026-02-25 20:05:10 -12","ORDER_CANCEL","CLIENT_REQUEST","","","","","","","","","","","","","",""
"22902","2026-02-25 20:05:10 -12","LIMIT_ORDER","CLIENT_ORDER","EUR/GBP","0.87000","2000.00","Buy","","0.86800","0.87500","","","","","","",""
"22903","2026-02-25 20:58:08 -12","ORDER_CANCEL","CLIENT_REQUEST","","","","","","","","","","","","","",""
"22904","2026-02-25 20:58:09 -12","LIMIT_ORDER","CLIENT_ORDER","EUR/GBP","0.87100","2000.00","Buy","","0.86750","0.87450","","","","","","",""
"22905","2026-02-25 21:58:24 -12","ORDER_CANCEL","CLIENT_REQUEST","","","","","","","","","","","","","",""
"22906","2026-02-25 21:58:24 -12","LIMIT_ORDER","CLIENT_ORDER","EUR/GBP","0.87150","2000.00","Buy","","0.86850","0.87500","","","","","","",""
"22907","2026-02-25 22:59:05 -12","ORDER_CANCEL","CLIENT_REQUEST","","","","","","","","","","","","","",""
"22908","2026-02-25 22:59:05 -12","LIMIT_ORDER","CLIENT_ORDER","EUR/GBP","0.87100","2000.00","Buy","","0.86850","0.87450","","","","","","",""
"22909","2026-02-25 23:58:53 -12","ORDER_CANCEL","CLIENT_REQUEST","","","","","","","","","","","","","",""
"22910","2026-02-25 23:58:54 -12","LIMIT_ORDER","CLIENT_ORDER","EUR/GBP","0.87050","2000.00","Buy","","0.86500","0.88400","","","","","","",""
"22911","2026-02-26 00:04:36 -12","ORDER_CANCEL","CLIENT_REQUEST","","","","","","","","","","","","","",""
"22912","2026-02-26 00:04:37 -12","LIMIT_ORDER","CLIENT_ORDER","EUR/GBP","0.87100","2000.00","Buy","","0.86750","0.87450","","","","","","",""